razao_social;cnpj;ie;rua;bairro;cidade;estado;cep;telefone
SEW Eurodrive Brasil Ltda;"50981018000351";"587254403118";Rodovia Washington Luiz SP 310 Km 172;Condominio Industrial Compark;Rio Claro;SP;13501-600;(19) 3522-3100 
Megalaser Industria Metalurgica Ltda;"08614279000105";"253098629118";Av. Caetano Soraggi, 325;Distrito Industrial ;Capivari;SP;13360-000;(19) 3492-4242
Inoxplasma Comercio de Metais Ltda.;"67423111000181";"113341363111";R. Marques de Sto. Amaro, 1026;Vila California;São Paulo;SP;03214-080;(11) 2318-1000
Megapar Parafusos e Ferramentas Ltda;"12063563000108";"388089194117";Av. Italia, 575;Jd. São Vivente;Itupeva;SP;13295-000;(11) 4496-8740
Igus do Brasil Ltda;"01426453000147";;R. Antonio Christi, 611;Pq. Industrial III;Jundiai;SP;13213-183;(11) 3531-4487
Jund-Rol Com. e Imp. De Rolamentos Ltda;"58606716000117";"407113124113";R. Fortunato Mori, 502;Vianelo;Jundiai;SP;13207-150;(11) 3308-5800
Nobre Distr. De Prods. Metálicos Ltda;"01454778000133";"244579186117";Av. Ana Beatriz Bierrembach, 823;Vila Mimosa;Campinas;SP;13050-060;(19) 3727-3181
Damari Com. para Manut. Ltda.;"58701665000102";"407113969113";R. Bom Jesus de Pirapora, 570;Vianelo;Jundiai;SP;13207-660;(11) 4521-8373
Eletromotores JS Nardy Ltda;"02387690000109";"671086687114";Estrada Municipal Teodor Condiev, 1085;Distrito Industrial ;Sumare;SP;13171-105;(19) 3873-9766
Hydro Extrusion Brasil S/A;"50155134000150";"387027247115";Rod. Waldomiro C. Camargo, 10542;Pirapitingui;Itu ;SP;13308-910;(11) 4025-6700
Unirons Plasticos Ltda.;"97445126000101";"1770082708";Rua Willy Teichmann, 150;Distrito Industrial ;Cachoerinha;RS;94930-635;(051) 3470-1260
JDM Produtos Graficos Ltda - ME;"61262143000166";"114446753118";Rua Hipódromo, 235;Brás;São Paulo;SP;03051-000;(011) 3892-2605
Sobepart Provecto do Brasil;"01539734000106";"407225447118";Rua Éttore Mattion, 61;Vila Arens;Jundiai;SP;13202-490;(011) 4806-9360
Alfa Aluminio Comercial Ltda;"04811426000186";"623114718115";Rua Florianópolis, 252;Jardim Represa;S. de Parnaiba;SP;06529-302;(011) 4156-5577
Spin Indústria Metalúrgica Eireli;"11130225000189";"206281147115";Av. Lourenço Zacaro, 697;Campestre;Barueri;SP;06408-000;(011) 4199-2500
Engrevali Ind. de Engr. Ltda;"18172547000130";"708083514110";Rua Ver. Antonio de Castro, 226;Novo Espirito Santo ;Valinhos;SP;13273-201;(019) 3849-0535
Ruspri Comercial Ltda Epp;"13487159000124";"286180626110";Rua do Verão, 50;Jardim Ruyce;Diadema;SP;09980-090;(011) 4043-1900
Casarini Equip. Industriais Ltda;"63076863000243";"148391065110";Av. Freguesia do Ó, 1075;Limão;São Paulo;SP;02715-000;(011) 3966-3777
Sandsteel Com. Imp. E Exp. Ltda;"06045353000194";"708060667116";Av. Vice Pref. Anesio Capovilla, 349;Parque dos Cocais;Valinhos;SP;13273-180;(019) 3325-1000
Gima Maq. E equi. Ind. E com. Ltda;"02476148000122";"3247364830080";Rua Benedito Nascimento, 180;Distrito Industrial ;Itajubá;MG;37504-112;(035) 3623-3555
Travi Plasticos Industriais Ltda;"10528220000227";"290565243";Rua Gerson Andreis, 786 Pavilhao A;Distrito Industrial ;Caxias do Sul;RS;95112-130;(054) 2101-9523
TCA Tubos e Conexões de Aço Ltda.;"38951406000122";"113609695115";Rua Serra de Paracaina, 680;Mooca;São Paulo;SP;03107-020;(011) 2065-6565
Tubal Tubos Aletados Ltda.;"60633211000193";"712019533110";Rodovia SP-53/332 nº 3400;Sitio do Castanho;Varzea Paulista ;SP;13226-400;(011) 4606-8800
Usinagem W.S. Ltda;"01438307000131";"7120310641140";Rua José Pinto de Toledo, 615;Promeca;Varzea Paulista ;SP;13223-190;(011) 4995-8987
Milmaster Usinagem Ltda;"13005767000155";"714036356113";Rua João Ferracini, 1231;Vila Cocais;Vinhedo;SP;13280-000;(019) 3886.2718
Metalurgica Lucco Ltda;"59172791000180";"108961038117";Rua Liege, 165;Vila das Merces;São Paulo;SP;04298-070;(011) 2946-9063
Usinobre Indústria e Comércio Eireli;"30110623000188";"714118219117";Rua Maria Mercedes Serrano Munhoz Gallo, 159;Jd. São Lucas;Vinhedo;sp;13285-334;(019) 3826-1203
Metal Técnica Sul Ltda;"96537618000164";"278075580112";Estrada da Capuava, 1695;JD. Eliana;Cotia;SP;06713-630;(011) 4614-0532
Maria Rosalina dos Santos EPP;"09488439000180";"400071329111";Estrada Rubens de Almeida Pupo Km 0,2;Bairro dos Soares;Jarinu;SP;13240-000;(011) 4016-4141
ATI Brasil Campinas;"03246792000509";;Rua Dr. Alberto Franco Lamunier, 1484;Parque Via Norte;Campinas;SP;;(019) 3238-9098
Fresadora Sant`Ana;"50859446000144";"111186732112";Rua Maxei, 236/246;Lapa de Baixo;São Paulo;SP;05068-010;(011) 3757-8400
Usicorp Ind. Com. Maq. Equip. Ltda.;"16882066000192";"145646160110";Rua Alfredo da Motta, 24;Vila Olinda;São Paulo;SP;03379-090;(011) 2671-8697
Açotubo Tubos e Aços ;"43919968000129";"336681223118";Rua Majestic, 465;Cumbica;Guarulhos;SP;07221-060;(011) 2413-2000
Gold extruder Fabr. Máq. Equip. Ltda;"20054675000120";"353165897113";Av. Vitória Martini, 208;Comercial Vitória Martini;Indaiatuba;SP;13347-613;(019) 3935-1326
Master Laser Corte e Dobra de Chapas Ltda;"15385316000116";"421019051110";Rodovia Romildo Prado, 3211 Km-03;Sagrado Coração de Jesus;Louveira;SP;13290-000;(019) 3878-4570
Avenida Distribuidora de Tintas Ltda.;"67915835000142";"407160790110";Av. Jundiai, 667;Anhangabaú;Jundiai;SP;13208-000;(011) 4586-6449
Zincagem Espeleta Ltda EPP;"57505414000190";;Rua Valentina de Castro, 269;Vila Santa Terezinha;Varzea Paulista ;SP;13220-055;(011 4606-2009
Usina Metais Ltda;"00736681000150";"336856733116";Rua Odete Pompeo, 149;Vila Endres;Guarulhos;SP;07043-110;(011) 3629-3016
E. S. Flex Industria de Borracha Ltda;"00022862000115";"278141379110";Rua Anhanguera, 1130;JD Piratininga;Osasco;SP;06715-862;(011) 4614-4244
Adonai Facas Industriais ;"28048244000163";"206463412114";Rua Piza, 58;Vila Porto;Barueri;SP;06410-350;(011) 983266398
Plastplex Ind. e Com. de Plásticos Ltda. ;"07749406000110";"149258448110";Rua Shimzaburo Mizutani, 461;Jd Maraba;São Paulo;SP;08290-010;(011) 2518.9600
Raimundo Conti Neto Soldas M.E;"07082379000175";;Rua Graciosa Trevisan Saltori, 85 e 95;Nova Vinhedo;Vinhedo;SP;13280-000;(019) 3836-3089
Luiz Carlos Durans EPP;"20155079000107";"407357255117";Rua da Várzea, 658;Vila Maria Genoveva;Jundiai;SP;13202-700;(011) 3964-3352
Shimtek Indústria e Comércio de Resinas Ltda;"54125737000160";"388073571113";Av. Emilio Chechinato, 3995;Bairro da Chave;Itupeva;SP;13295-000;(011) 4496-4099
Coverti do Brasil Indústria e Comércio Ltda;"57547887000150";"671069027119";Rua Idalécio Rodrigues, 252;Parque Florença;Sumaré;SP;13177-451;(019) 2222-8989
GMS Indústria de Adesivos Eireli;"31572082000172";"123008597113";Rua Francisco Alarico Bergamo, 2001;São Miguel Paulista;São Paulo;SP;08230-011;(011) 2609-2243
Solmaq Soldas e Equipamentos Ltda EPP;"07631679000166";"407431890115";Rua Silva Jardim, 511;Vianelo;Jundiai;SP;13207-210;(011) 4521-0009
Julifer Corte e Dobra Eireli ME;"27462009000170";"795827172115";Rua Romeu Ciccone, 110B;Pq. São Paulo;Campinas;SP;13052-478;(019) 3225-0832
Metal Limpo Conexões Sanitárias Ltda. EP;"04386988000120";"116123367115";Rua Sarg. Jeter Augusto Pereira, 341;Pq. Novo Mundo;São Paulo;SP;02188-070;(011) 2207-7476
Poly Urethane Indústria e Comércio Ltda;"19983212000164";;Av. Industrial, 367;Dist. Industrial;Ibirité;MG;32432-145;(031) 3521-7300
Pumer Equipamentos Ltda - ME;"09617547000105";"10872910008";Av. Industrial, 367;Dist. Industrial;Ibirité;MG;32432-145;(031) 3521-7304
Salvi Instrumentos de Medição Ltda - ME;"10636332000110";"148494849116";Beco da fabrica, 23 Sala 25 ;Centro;São Paulo;SP;01030-020;(011) 3327-0033
Dimensional Equipamentos Elétricos Ltda;"56545742000157";"417068993117";Av. Armando Ragonha, 190;Village Limeira;Limeira;SP;13481-316;(019) 3446-7400
Metais Comercial Ltda;"68075613000121";"407183099119";Rua União, 681;Parque União;Jundiai;SP;13206-650;(011) 4588-7400
Usinagem e Ferramentaria Castanho Ltda;"01780902000150";"407215103111";Rod. Pres. Tancredo Neves KM 54,2;Castanho;Jundiai;SP;13206-650;(011) 4537-1051
Mauro Francisco Farrão ME;"57547309000113";"407107694110";Rua São José dos Campos, 120;Distrito Industrial ;Varzea Paulista ;SP;13222-015;(011) 4596-3626
Wellington Anderson Marceli;"29286208000109";"712130197116";Rua Vitorio Spinucci, 1450;Promeca ;Varzea Paulista ;SP;13223-200;(011) 4596-1846
Lamarck Com. de Válvulas e Conexões Ltda. ;"67526061000168";"113361851111";Rua Serra da Bocaina, 437;Belem;São Paulo;SP;03174-000;(011) 2602-2977
GS Correntes e Engrenagens Eireli ;"56696230000191";"244283046118";Rua Dr. Fernão Pompeu de Camargo, 1423;Jd. Do Trevo;Campinas;SP;13040-010;(019) 3778-4433
ACEPIL Comércio e Importadora Ltda.;"43455179000184";"108881656118";Rua Margarino Torres, 1130;Vila Maria  ;São Paulo;SP;02119-001;(011) 3465-9999
Mitsuyasu Cromo Duro Ltda;"59102186000132";"353032166114";Rua Crisolita, 210;Recreio Campestre Joia;Indaiatuba;SP;13347-060;(019) 3935-8066
R.E.T. Ind. Com. E Serviços de Usinagem Ltda;"07555272000105";"708196968114";Rua Ver. Antonio de Castro, 469;Novo Espirito Santo ;Valinhos;SP;13273-201;(019) 3859-1736
Festo Brasil Ltda;"57582793000111";;Rua Giuseppe Crespi, 76 Km 12,5;Jd. Sta. Emilia;São Paulo;SP;04183-080;(011) 5013-1800
Wam do Brasil Equipamentos Indústriais;"03594636000105";"645421297115";Rua Jaguarão, 346;Chácaras Reunidas;São José dos Campos;SP;12238-410;(011) 3933-5000
Certec Comércio de Prod. Técnicos Inds. Ltda;"66539024000121";"407152421111";Av. Humberto Cereser S/N KM 66;Caxambu;Jundiai;SP;13218-711;(011) 4527-4522
Baumer do Brasil Automação de Fabrica e de Processos, Com., Imp. E Rep. Ltda;"11165165000130";"407563050116";Rua Rodrigo Soares de Oliveira, 470;Anhangabaú;Jundiai;SP;13208-120;(011) 4523-5120
Mofertec Equipamentos Industriais Eireli;"51117935000193";"635092236117";Av. Lauro Gomes, 4997;Rudge Ramos;SBC;SP;09635-010;(011) 4368-3044
Luft-Air Hélices Ltda;"01936170000145";"382056267114";Rua Benedito da Silveira Franco, 220;Sta. Luzia;Itatiba;SP;13225-320;(011) 4534-3333
Instec Indústria e Comércio de Equiptos Ltda EPP;"01197321000109";"442096862113";Rua Fulvio Alves de Oliveira, 21;Guapituba;Maua;SP;09360-485;(011) 4555-7944
Vibromaster Balanceamento Industrial ;"05629912000140";"388073330110";Rua Maria Soldeira Lourençon, 621;Santa Julia;Itupeva;SP;13295-000;(011) 4496-2001
Jundanel Fixação e Ferramentas Ltda;"45779451000107";"714079490113";Rua Bom Jesus de Pirapora, 1088;Vianelo;Jundiai;SP;13207-605;(011) 4527-4100
Pitacrina Ind. e Com. de Escovas Ltda.;"61490066000100";"103952156118";Rua Platina, 252;Tatuapé;São Paulo;SP;03308-010;(011) 2295-8383
Mecânica Famma Ltda;"55608681000167";"387038062119";Av. Eugen Wissmann, 651;São Luiz;Itu;SP;13304-270;(011) 4024-8800
Rolatel Comércio de Rolamentos Ltda;"65837262000150";"113107022116";Rua Alvarenga, 2201;Butanta;São Paulo;SP;05509-006;(011) 3030-0688
Recrom Sumare Com. E recup. De Peças Automotivas Ltda;"72927197000110";"671070920110";Rua São Joaquim, 78;Nova Veneza;Sumare;SP;13180-474;(019) 3822-5500
Umicontrol Umidade Controlada Ind. Ltda;"01357677000144";"626087190119";Rua Javaes, 730;Vila Eldizia;Sto. André;SP;09181-570;(011) 4422-8910
Carflax Hidraúlica Ltda;"56913445000117";"407103857119";Av. Americo Bruno, 75;Ponte São João;Jundiai;SP;13218-080;(011) 4521-9777
Maltus Acessorios e Paineis Ltda;"66586314000126";"244426593119";Rua Serra do Mar, 183;Vila Nova São José;Campinas;SP;13100-442;(019) 3255-1875
Cruzaço Fundição e Mecânica Ltda;"62249248000148";"400001491119";Rodovia Dom Pedro I Km 89;;Jarinu;SP;13240-000;(011) 4417-7625
Wellington Anderson Marceli;"29286208000109";"412130197116";Rua Victorio Spinucci, 1460;JD Promeca;Várzea Pta.;SP;23223-200;(011) 4596-1846
IFM Electronic Ltda;"02263430000121";"796290943115";Av. Monteiro Lobato, 4550 Asa 4 Galpão 1;;Guarulhos;SP;07180-000;(015)98121-5399
Siliconny Ind. E Com. Ltda;"61177960000116";"635192541118";Rua Brasilia, 481;Rudge Ramos;SBC;SP;09631-050;(011) 4367-3588
Delta Link Comércio e Importação Ltda;"68189877000106";"286108846112";Rua Cariris, 61/69;Jardim Tamoio;Diadema;SP;09951-420;(011) 4066-7100
Masifer Comércio de Ferros Ltda EPP;"05652262000154";"708188501115";Rua Antonio Carlos Russo, 63;Vila Faustina II;Valinhos;SP;13272-362;(019) 3871-5373
Ultra Máquinas Comercial de Ferramentas Ltda;"00314550000347";"244597236111";Rua Salto Grande, 658;JD do Trevo;Campinas;SP;13040-001;(019) 3778-8000
Equicontrol Equipamentos de Controle Ltda;"44056950000103";"626101175110";Rua Afonso de Mendonça, 113;Homero Thon;Sto. André;SP;09110-410;(011) 4474-3600
Plasxiglas;"43087063000130";"108611019110";Rua Maestro Cardim, 18;Liberdade;São Paulo;SP;01323-000;(011) 3262-1919
Willy Instrumentos de Medição e Controle Ltda;"07645541000116";"636278013115";Rua João Pessoa, 620;Centro ;S.C. do Sul;SP;09520-000;(011) 4224-7400
Industria de Metais Perfurados Glória S/A;"51466811000113";"417005510115";Via Anhanguera Km 146,5;Bairro dos Pires;Limeira;SP;13524-199;(019) 3451-2455
Casa da Boia Comercio Industria de Metais Ltda;"61258703000109";"100151844115";Rua Florêncio de Abreu, 123;Centro;São Paulo;SP;01029-000;(011) 3312-6255
Jundipar Parafusos e Ferramentas Ltda;"50975853000117";"407008854111";Rua 23 de Maio, 121;Vianelo;Jundiai;SP;13207-070;(011) 4521-3799
J.S Araujo& Cia Ltda EPP;"01941753000164";"401082583110";Av. João Sanzovo, 2451;5º Zona Industrial ;Jau;SP;17206-220;(014) 3621-6146
MSC Ind. E Comércio Ltda;"23823943000110";"637371940110";Rua Bruno Panhoca, 314;Jardim São Paulo;São Carlos;SP;13570-430;(016) 3416-8007
CRS Acessórios Industriais Ltda.;"03962653000140";"714084350115";Rua Henrique Trevisan, 65;JD Trevisan;Vinhedo;SP;13280-152;(019) 3826-2411
Mestra Vedações e Rolamentos Ltda;"02959275000182";"407233166111";Rua Bom Jesus de Pirapora, 1183;Vianelo;Jundiaí;SP;13207-661;(011) 4527-6802
Vinhefer Comercio de Chapas e Perfilador de Aço Ltda - ME;"25189875000104";"714074504110";Estrada da boiada, 2955;Vista Alegre ;Vinhedo;SP;13285-210;(019) 3846-6110
FERRUSI Indústria e Comércio de Peças Ltda.;"02114381000165";"664058681119";Via Antônio Sarti SN KM 1,6 ;D.I.M.L.B. Americano;Sertãozinho;SP;14175-350;(016) 3946-4766
Tubos Ipiranga Indústria e Comércio Ltda;"01477885000187";"635457439114";Av. Piraporinha, 317;Bairro Planalto;S.B. do Campo;SP;09891-000;(011) 4391-6000
Tasco Ltda;"43071109000122";"219004918112";Av. Ver. José Ângelo Biagioni, 850;Pau D`alho;Boituva;SP;18550-000;(015) 3363-8000
F Ceolin Pinturas EPP;"06027752000122";"6468";Estrada da Rainha, 1710;Ponte Preta;Louveira;SP;13290-000;(011) 94731 0401
Jati Serviços Comercio e Importação de Aços Ltda;"03846642000102";"115719976110";Rua Roberto Koch, 363;Ipiranga;São Paulo;SP;04221-060;(011) 2172-0405
Centerbor Comércio de Borrachas e Plást. Eireli ME;"62100383000127";"353042777117";Av. Presidente Kennedy, 668;Cidade Nova I;Indaiatuba;SP;13334-170;(019) 3875-2688
FKN Fabrica de Imãs Eireli;"20267054000125";"143527181118";Rua Sumidouro, 305;Pinheiros ;São Paulo;SP;05428-070;(011) 3854-6130
ACE Schmersal Eletrônica Industrial Ltda;"61854147000133";"219002872110";Rod. Boituva Porto Feliz Km 12;;Boituva;SP;18550-000;(015) 3263-9833
Camp Gaservice Ferr. Equip. Soldas Eireli EPP;"53261939000176";"244230555110";Rua Manoel Francisco Mendes, 40;Jardim do Trevo;Campinas;SP;13030-110;(019) 3272-4807
JAB Fioranti;"05285792000101";"712103446113";Av. Bertioga, 1901;Jardim Bertioga ;Varzea Paulista ;SP;13220-000;(011) 4606-3928
Multielos Serviços de Galvanoplastia ltda EPP;"51284727000189";"244167598118";Rua Lauro Vanucci, 515;JD. Santa Candida;Campinas;SP;13087-548;(019) 3256-7675
Feira da Borracha de Campinas Ltda.;"01051970000189";"244355757113";Av. Papa Paulo VI, 31;Jardim do Trevo;Campinas;SP;13040-000;(019) 3778-9800
Usinagem e Ferramentaria Merci Ltda;"05285792000101";"712103446113";Av. Bertioga, 1901;Jardim Bertioga ;Varzea Paulista ;SP;13220-000;(011) 4606-3928
Marcelo Martins Dourado EPP;"02050093000194";"600046939114";Rua Italia Manfredini, 103;Nucleo Industrial Alert;Salto;SP;13323-141;(011) 4029-2291
Giusti & Cia Ltda;"61093068000157";"103592043113";Rua Italia Giusti, 328;Itaquera;São Paulo;SP;08270-698;(011) 2523-9700
Imediato Inox Eireli;"31028217000133";"708152482110";Rua Dom Nery, 718;Vila Embare;Valinhos;SP;13271-170;(019) 3869-6054
Azzoni Consultoria e Representação Comercial em Engenharia Ltda;"09508720000137";"276064109115";Av. Ester, 980;Centro;Cosmópolis;SP;13150-029;(019) 3812-4191
Rav Placas Painéis e Placas;"11345651000130";"388087493117";Rua Maria Soldeira Lourençon, 573;Santa Julia;Itupeva;SP;13295-000;
Asten & Cia Ltda;"60831101000170";"102855078110";Rua Maria Daffre, 209;Vila Prudente;São Paulo;SP;03150-020;(011) 2824-2956
Ricardo Domingos Sagula EPP ;"04842592000140";"244895812112";Rua Rio Das Pedras, 217;Jardim do Trevo;Campinas;SP;13040-003;(019) 3278-2700
IOPE Instrumentos de Precisão Ltda.;"61929535000136";"105497688114";Rua Eulálio da Costa Carvalho, 99;Bairro do Limão;São Paulo;SP;02712-050;(011) 3959-3959
Nova Inox Comercial de Aços Ltda;"03849244000131";"244848257119";Rua Dr. Fernão Pompeu de Camargo, 2222;Jardim do Trevo;Campinas;SP;13040-010;(019) 3272-8744
Nascente Rolamentos e Vedações Ltda;"09490983000166";"407470200114";Rua Bom Jesus de Pirapora, 365;Vianelo;Jundiai;SP;13207-270;(011) 4583-4848
Artmetal Indústria e Comércio Ltda - EPP;"03308242000135";"206227300117";Rua São João do Araguaia, 471;California;Barueri;SP;06409-060;(011) 4199-2323
CHP Central Hidraulica e Pneumatica Ltda;"61658654000100";"244361297116";Rua Benigno Ribeiro, 366;São Bernardo;Campinas;SP;13030-060;(019) 3772-8888
Nelmetais Tecnologia e Com. de Metais Ltda  ;"07187179000268";"244683921112";Rua Pompeo de Vitto, 419;Via Norte;Campinas;SP;13065-730;(019) 3202-0444
Pires do Rio Cibraço Com. E Ind. Ferro e Aço;"05373141000335";"528125140113";Rua Felipe Camarão, 599;;São Caetano do Sul;SP;09550-150;(011) 4225-9742
Italbronze Ltda;"61535381000106";"336079300118";Rua Tamotsu Iwasse, 1415;Bonsucesso;Guarulhos;SP;07176-000;(11) 2436-2900
Hidraulic Supporte Comercial Ltda.;"04021139000172";"115968674112";Av. Baruel, 316 Conj. 1;Casa Verde;São Paulo;SP;02522-000;(11) 3858-0547
Jandinox Industria e Comercio Ltda;"03058653000110";"398029840116";Rua Martin Hein, 255;JD Alvorada ;Jandira;SP;06612-240;(11) 3598-4000
Tegape Imp. e Com. de Tecidos Técnicos Ltda;"76533074000155";"1010748034";Rua Felicio Laskoski, 499;Riviera;Curitiba;PR;81295-000;(41) 2105-8000
Claulino Aparecido de Salvi ME;"26902067000105";"626893202118";Rua Coronel Seabra, 1246;Vila Marina;Sto. André;SP;09176-000;(11) 4509-4570
APL Metalizações Eireli EPP;"26668132000180";"388068258118";Av. Emilio Chechinato, 3955;Bairro da Chave;Itupeva;SP;13295-000;(11) 4591-1530
Grupo Gonçalves Dias S/A.;"09328663000104";"148061942112";Av. Interlagos, 3322;Santo Amaro;São Paulo;SP;04660-006;(11) 5545-8219
Metal Press Usinagem e Caldeiraria Ltda;"34133647000103";"407713098113";Av. Guilherme Porcari, 600;Medeiros;Jundiaí;SP;;(11) 4525-1968
Adonai Facas e Soluções Eireli-ME;"28048244000163";"206463412114";Rua Piza, 58;Vila Porto;Barueri;SP;06410-350;(11)98326-6398
Jati Serviços Com. e Imp. de Aços Ltda;"03846642000528";"35174691111";Av. Horst Frederico João Heer, 700;Europarck Comercial;Indaiatuba;SP;13348-758;(19) 3115-4300
Tubo Master Distribuidora de Aços LTDA;"65908667000132";"113135416117";Rua Rincão,229;Vila Esperança;São Paulo;SP;03651-080;(11) 2941-7352 
Celbras comercial de produtos industriais;"14673993000177";"407279398110";Rua 23 de Maio, 454 ;Vianelo;Jundiaí;SP;13.207-070;(11)4807-1618
Cromo Center Ind. e Com. de Cromo e usinagem Ltda.;"10285563000127";"535447060113";Caminho da Servidão, 280;Dois Corregos;Piracicaba;SP;13400-970;(19) 3424-2720
Tubos ABC Comécio de Produtos Siderúrgicos Eireli;"05755311000184";"626678287113";Av. dos Estados, 5879;Pq. Jaçatuba;Santo Andre;SP;09290-520;(11)4437-3713
SEW Eurodrive Brasil Ltda - Indaiatuba;"50981018002052";"353262261114";Estrada Municipal José Rubim, 205;;Indaiatuba;SP;;
Sandsteel Com. Imp. E Exp. Ltda;"06045353000194";"708060667116";Av. Vice Prefeito Anesio Capovilla, 349;;Valinhos;SP;13273-180;(019) 3327-5889
Joy Tubos Comercial Eireli;"13863368000125";"796390051111";Rua Cachoeira do Arari, 687;Cidade Parque São Luiz;Guarulhos;SP;07170-380;(011) 2745-5790
Manetoni Distr. De Produtos Sid. Imp. E Exp. Ltda;"49795800001530";"120159957110";Av. Cassio Paschoal Padovani, 215;Morumbi;Piracicaba;SP;13420-355;(019) 3302-1000
Weg Equipamentos Elétricos S/A;"07175725001050";"255083939";Av. Prefeito Waldemar Grubba, 3000;;Jaragua do Sul;SC;89256-900;(011)4601-2421
Aços Favorit Distribuidora ltda- SP;"92216209000881";"388085152116";Rua Americo Simoes, 1490;;Itupeva;SP;13295-000;(11)4591-7373/4591-7370
JR Representações ( Aços Favorit);"92216209000881";"388085152116";Rua Pedro Lara,  359 apto 31 bloco 14;;Jaguariuna;SP;13915-001;(19)99127-6577
Netzcch do Brasil Ind. E Com. Ltda.;"82749987000106";"250005050";Rua Hermann Weege, 2383;Centro ;Pomerode;SC;89107-000;(019) 3464-5540
Macro Extrusão de Aluminio Ltda.;"05030548000106";"379189437112";Estrada do Unna, 305;Unna;Itaquaquecetuba;SP;08599-650;(011) 4647-8080
Vinhemaq Comércio de Ferragens e Ferramentas ltda;"35046120000104";"714135503112";Aav. Octávio Tasca, 1320 ;Vl. Santana;Vinhedo;SP;13283-040;(19)4119-0122
Chavetas Comércio de Peças e Serviços ;"35312326000139";"286573637112";Rua Alvares Cabral, 920 Sala 3;Serraria;Diadema;SP;09980-160;(011)4056-1777
Imdepa Rolamentos Importação e Comércio ;"88613922000972";;Av. Marginal Projetada, 1652;Jardim Mutinga;Barueri;SP;06460-200;(011)2121-0020
Shock Metais não Ferrosos Ltda.;"54800768000179";"111306418117";Rua Fausto, 48 ;Moinho Velho;São Paulo;SP;04285-080;(011)20651611
Aperam Inox Serviços Brasil Ltda;"60500121001368";"244687476111";Av. Mercedez Benz, 1420;Distrito Industrial ;Campinas;SP;13054-750;(019) 3211-4024
FRM Fabrica de Rolamentos e Mancais Ltda;"72002881000189";"1014694923";Rua Rudi Labsch, 123;;Curitiba;PR;81350-210;(041) 3245-6800
Solange Ricar da Silva Tobias ME ( Gigante Tintas);"24878576000114";"714138423115";Estrada da Boiada, 218;Vista Alegre;Vinhedo;SP;13285-000;(19)3878-4901
Isofluid Equipamentos Industriais Ltda;"02827124000170";"244869900110";Rua Dr. Sales de Oliveira, 78;Vila Industrial;Campinas;SP;13035-270;(19)3772-3200
Comercial Nicrotex Ltda;"58223249000146";"407110384112";Rod. Eng. Constancio Cintra KM 66,5;Jundiai Mirim;Jundiaí;SP;13216-605;(11) 4584-0025
Dinamarca Rolamentos Industriais & Afins Eireli;"36452937000145";"128596006110";Av Serafim Gonçalves Pereira, 310 Sala 01;Parque Novo Mundo;São Paulo;SP;02179-000;(11) 2632-1313
Henfel Indústria Metalúrgica Ltda;"43697556000191";"391017749110";Av. Major Hilário Tavares Pinheiro, 3447;Pq. Ind. Carlos Tonanni;Jaboticabal;SP;14871-300;(16) 3209-3420
H-Técnica Eng. Mont. E Com. Ltda;"00669412000119";"407452480110";Rua Waldemar Guido da Costa, 165;Jardim Eldorado;Jundiai;SP;13214-082;(11) 3963-1400
Servbelt Correias Industriais;"02894916000168";;Rua Pasquale Montani, 01;Parque Edu Chaves;São Paulo;SP;02228-060;(11)2243-5414
Tecnovip Instrumentos de Medição Ltda;"05332223000170";"708203867119";Rua Waldomiro Rossi, 07;Jardim Novo Espirito Santo;Valinhos;SP;13273-202;(19) 3244-3200
União Brasil Importação e Exportação de Equip. Ltda;"05966008000120";"797668531111";Rua Marcos Markarian, 517;Nova Aliança;Ribeirão Peto;SP;14026-583;(16) 3623-1674
Bandeirantes Produtos Para Industria Ltda.;"51207900000109";"110148312116";Rua Florêncio de Abreu, 411/417;Centro;São Paulo;SP;01029-001;(11) 3227-1366
Ebara Bombas America do Sul Ltda;"46138319000774";"711057965110";Av. Manoel Gomes Casaca, 840;Parque Industrial ;Vargem Grande do Sul;SP;13880-000;(19) 3641-9100
Pavan Aços e Metais Ltda EPP;"02452600000116";"388011840116";Estrada Municipal IVA-132, 108;Santa Julia;Itupeva;SP;13295-000;(11) 4591-3208
Elastim Maborin Sol. P/Manut.Ind. Ltda EPP;"21354944000137";"144026432117";Rua Coronel Bento Bicudo, 754;Piqueri;São Paulo;SP;02912-000;(11)3103-7406
Cetti Com. De Materais Eletricos Ltda;"01202491000116";"407205135115";Rua Messina, 346;Jardim Messina;Jundiai;SP;13207-480;(11)4527-4500
M.M Vinhedo Motores e Máquinas Ltda.;"02570584000166";"714030279110";Av. Salvador Rotela, 108;Residencial Flora ;Vinhedo;SP;13280-000;(19)3886-3690
